cwe_id,assignedclass,count
0,0,59109
20,10000,23049
20,10000,1440
20,10000,1169
20,10000,3977
20,10000,7111
20,10000,2349
20,10000,27331
20,10000,9351
20,10000,4187
20,10000,9134
20,10000,2467
20,10000,6322
20,10000,2067
20,10000,1111
20,10000,10115
20,10000,4973
20,10000,1115
20,10000,1547
20,10000,1257
20,10000,3932
22,10000,23049
22,10000,1440
22,10000,1169
22,10000,3977
22,10000,7111
22,10000,2349
22,10000,27331
22,10000,9351
22,10000,4187
22,10000,9134
22,10000,2467
22,10000,6322
22,10000,2067
22,10000,1111
22,10000,10115
22,10000,4973
22,10000,1115
22,10000,1547
22,10000,1257
22,10000,3932
23,10000,23049
23,10000,1440
23,10000,1169
23,10000,3977
23,10000,7111
23,10000,2349
23,10000,27331
23,10000,9351
23,10000,4187
23,10000,9134
23,10000,2467
23,10000,6322
23,10000,2067
23,10000,1111
23,10000,10115
23,10000,4973
23,10000,1115
23,10000,1547
23,10000,1257
23,10000,3932
27,10000,23049
27,10000,1440
27,10000,1169
27,10000,3977
27,10000,7111
27,10000,2349
27,10000,27331
27,10000,9351
27,10000,4187
27,10000,9134
27,10000,2467
27,10000,6322
27,10000,2067
27,10000,1111
27,10000,10115
27,10000,4973
27,10000,1115
27,10000,1547
27,10000,1257
27,10000,3932
59,10000,23049
59,10000,1440
59,10000,1169
59,10000,3977
59,10000,7111
59,10000,2349
59,10000,27331
59,10000,9351
59,10000,4187
59,10000,9134
59,10000,2467
59,10000,6322
59,10000,2067
59,10000,1111
59,10000,10115
59,10000,4973
59,10000,1115
59,10000,1547
59,10000,1257
59,10000,3932
73,10000,23049
73,10000,1440
73,10000,1169
73,10000,3977
73,10000,7111
73,10000,2349
73,10000,27331
73,10000,9351
73,10000,4187
73,10000,9134
73,10000,2467
73,10000,6322
73,10000,2067
73,10000,1111
73,10000,10115
73,10000,4973
73,10000,1115
73,10000,1547
73,10000,1257
73,10000,3932
74,10000,23049
74,10000,1440
74,10000,1169
74,10000,3977
74,10000,7111
74,10000,2349
74,10000,27331
74,10000,9351
74,10000,4187
74,10000,9134
74,10000,2467
74,10000,6322
74,10000,2067
74,10000,1111
74,10000,10115
74,10000,4973
74,10000,1115
74,10000,1547
74,10000,1257
74,10000,3932
77,10000,23049
77,10000,1440
77,10000,1169
77,10000,3977
77,10000,7111
77,10000,2349
77,10000,27331
77,10000,9351
77,10000,4187
77,10000,9134
77,10000,2467
77,10000,6322
77,10000,2067
77,10000,1111
77,10000,10115
77,10000,4973
77,10000,1115
77,10000,1547
77,10000,1257
77,10000,3932
78,10000,23049
78,10000,1440
78,10000,1169
78,10000,3977
78,10000,7111
78,10000,2349
78,10000,27331
78,10000,9351
78,10000,4187
78,10000,9134
78,10000,2467
78,10000,6322
78,10000,2067
78,10000,1111
78,10000,10115
78,10000,4973
78,10000,1115
78,10000,1547
78,10000,1257
78,10000,3932
79,10000,23049
79,10000,1440
79,10000,1169
79,10000,3977
79,10000,7111
79,10000,2349
79,10000,27331
79,10000,9351
79,10000,4187
79,10000,9134
79,10000,2467
79,10000,6322
79,10000,2067
79,10000,1111
79,10000,10115
79,10000,4973
79,10000,1115
79,10000,1547
79,10000,1257
79,10000,3932
80,10000,23049
80,10000,1440
80,10000,1169
80,10000,3977
80,10000,7111
80,10000,2349
80,10000,27331
80,10000,9351
80,10000,4187
80,10000,9134
80,10000,2467
80,10000,6322
80,10000,2067
80,10000,1111
80,10000,10115
80,10000,4973
80,10000,1115
80,10000,1547
80,10000,1257
80,10000,3932
88,10000,23049
88,10000,1440
88,10000,1169
88,10000,3977
88,10000,7111
88,10000,2349
88,10000,27331
88,10000,9351
88,10000,4187
88,10000,9134
88,10000,2467
88,10000,6322
88,10000,2067
88,10000,1111
88,10000,10115
88,10000,4973
88,10000,1115
88,10000,1547
88,10000,1257
88,10000,3932
89,10000,23049
89,10000,1440
89,10000,1169
89,10000,3977
89,10000,7111
89,10000,2349
89,10000,27331
89,10000,9351
89,10000,4187
89,10000,9134
89,10000,2467
89,10000,6322
89,10000,2067
89,10000,1111
89,10000,10115
89,10000,4973
89,10000,1115
89,10000,1547
89,10000,1257
89,10000,3932
90,10000,23049
90,10000,1440
90,10000,1169
90,10000,3977
90,10000,7111
90,10000,2349
90,10000,27331
90,10000,9351
90,10000,4187
90,10000,9134
90,10000,2467
90,10000,6322
90,10000,2067
90,10000,1111
90,10000,10115
90,10000,4973
90,10000,1115
90,10000,1547
90,10000,1257
90,10000,3932
91,10000,23049
91,10000,1440
91,10000,1169
91,10000,3977
91,10000,7111
91,10000,2349
91,10000,27331
91,10000,9351
91,10000,4187
91,10000,9134
91,10000,2467
91,10000,6322
91,10000,2067
91,10000,1111
91,10000,10115
91,10000,4973
91,10000,1115
91,10000,1547
91,10000,1257
91,10000,3932
93,10000,23049
93,10000,1440
93,10000,1169
93,10000,3977
93,10000,7111
93,10000,2349
93,10000,27331
93,10000,9351
93,10000,4187
93,10000,9134
93,10000,2467
93,10000,6322
93,10000,2067
93,10000,1111
93,10000,10115
93,10000,4973
93,10000,1115
93,10000,1547
93,10000,1257
93,10000,3932
94,10000,23049
94,10000,1440
94,10000,1169
94,10000,3977
94,10000,7111
94,10000,2349
94,10000,27331
94,10000,9351
94,10000,4187
94,10000,9134
94,10000,2467
94,10000,6322
94,10000,2067
94,10000,1111
94,10000,10115
94,10000,4973
94,10000,1115
94,10000,1547
94,10000,1257
94,10000,3932
98,10000,23049
98,10000,1440
98,10000,1169
98,10000,3977
98,10000,7111
98,10000,2349
98,10000,27331
98,10000,9351
98,10000,4187
98,10000,9134
98,10000,2467
98,10000,6322
98,10000,2067
98,10000,1111
98,10000,10115
98,10000,4973
98,10000,1115
98,10000,1547
98,10000,1257
98,10000,3932
113,10000,23049
113,10000,1440
113,10000,1169
113,10000,3977
113,10000,7111
113,10000,2349
113,10000,27331
113,10000,9351
113,10000,4187
113,10000,9134
113,10000,2467
113,10000,6322
113,10000,2067
113,10000,1111
113,10000,10115
113,10000,4973
113,10000,1115
113,10000,1547
113,10000,1257
113,10000,3932
116,10000,23049
116,10000,1440
116,10000,1169
116,10000,3977
116,10000,7111
116,10000,2349
116,10000,27331
116,10000,9351
116,10000,4187
116,10000,9134
116,10000,2467
116,10000,6322
116,10000,2067
116,10000,1111
116,10000,10115
116,10000,4973
116,10000,1115
116,10000,1547
116,10000,1257
116,10000,3932
119,10000,23049
119,10000,1440
119,10000,1169
119,10000,3977
119,10000,7111
119,10000,2349
119,10000,27331
119,10000,9351
119,10000,4187
119,10000,9134
119,10000,2467
119,10000,6322
119,10000,2067
119,10000,1111
119,10000,10115
119,10000,4973
119,10000,1115
119,10000,1547
119,10000,1257
119,10000,3932
120,10000,23049
120,10000,1440
120,10000,1169
120,10000,3977
120,10000,7111
120,10000,2349
120,10000,27331
120,10000,9351
120,10000,4187
120,10000,9134
120,10000,2467
120,10000,6322
120,10000,2067
120,10000,1111
120,10000,10115
120,10000,4973
120,10000,1115
120,10000,1547
120,10000,1257
120,10000,3932
121,10000,23049
121,10000,1440
121,10000,1169
121,10000,3977
121,10000,7111
121,10000,2349
121,10000,27331
121,10000,9351
121,10000,4187
121,10000,9134
121,10000,2467
121,10000,6322
121,10000,2067
121,10000,1111
121,10000,10115
121,10000,4973
121,10000,1115
121,10000,1547
121,10000,1257
121,10000,3932
122,10000,23049
122,10000,1440
122,10000,1169
122,10000,3977
122,10000,7111
122,10000,2349
122,10000,27331
122,10000,9351
122,10000,4187
122,10000,9134
122,10000,2467
122,10000,6322
122,10000,2067
122,10000,1111
122,10000,10115
122,10000,4973
122,10000,1115
122,10000,1547
122,10000,1257
122,10000,3932
125,10000,23049
125,10000,1440
125,10000,1169
125,10000,3977
125,10000,7111
125,10000,2349
125,10000,27331
125,10000,9351
125,10000,4187
125,10000,9134
125,10000,2467
125,10000,6322
125,10000,2067
125,10000,1111
125,10000,10115
125,10000,4973
125,10000,1115
125,10000,1547
125,10000,1257
125,10000,3932
126,10000,23049
126,10000,1440
126,10000,1169
126,10000,3977
126,10000,7111
126,10000,2349
126,10000,27331
126,10000,9351
126,10000,4187
126,10000,9134
126,10000,2467
126,10000,6322
126,10000,2067
126,10000,1111
126,10000,10115
126,10000,4973
126,10000,1115
126,10000,1547
126,10000,1257
126,10000,3932
129,10000,23049
129,10000,1440
129,10000,1169
129,10000,3977
129,10000,7111
129,10000,2349
129,10000,27331
129,10000,9351
129,10000,4187
129,10000,9134
129,10000,2467
129,10000,6322
129,10000,2067
129,10000,1111
129,10000,10115
129,10000,4973
129,10000,1115
129,10000,1547
129,10000,1257
129,10000,3932
131,10000,23049
131,10000,1440
131,10000,1169
131,10000,3977
131,10000,7111
131,10000,2349
131,10000,27331
131,10000,9351
131,10000,4187
131,10000,9134
131,10000,2467
131,10000,6322
131,10000,2067
131,10000,1111
131,10000,10115
131,10000,4973
131,10000,1115
131,10000,1547
131,10000,1257
131,10000,3932
134,10000,23049
134,10000,1440
134,10000,1169
134,10000,3977
134,10000,7111
134,10000,2349
134,10000,27331
134,10000,9351
134,10000,4187
134,10000,9134
134,10000,2467
134,10000,6322
134,10000,2067
134,10000,1111
134,10000,10115
134,10000,4973
134,10000,1115
134,10000,1547
134,10000,1257
134,10000,3932
172,10000,23049
172,10000,1440
172,10000,1169
172,10000,3977
172,10000,7111
172,10000,2349
172,10000,27331
172,10000,9351
172,10000,4187
172,10000,9134
172,10000,2467
172,10000,6322
172,10000,2067
172,10000,1111
172,10000,10115
172,10000,4973
172,10000,1115
172,10000,1547
172,10000,1257
172,10000,3932
178,10000,23049
178,10000,1440
178,10000,1169
178,10000,3977
178,10000,7111
178,10000,2349
178,10000,27331
178,10000,9351
178,10000,4187
178,10000,9134
178,10000,2467
178,10000,6322
178,10000,2067
178,10000,1111
178,10000,10115
178,10000,4973
178,10000,1115
178,10000,1547
178,10000,1257
178,10000,3932
184,10000,23049
184,10000,1440
184,10000,1169
184,10000,3977
184,10000,7111
184,10000,2349
184,10000,27331
184,10000,9351
184,10000,4187
184,10000,9134
184,10000,2467
184,10000,6322
184,10000,2067
184,10000,1111
184,10000,10115
184,10000,4973
184,10000,1115
184,10000,1547
184,10000,1257
184,10000,3932
185,10000,23049
185,10000,1440
185,10000,1169
185,10000,3977
185,10000,7111
185,10000,2349
185,10000,27331
185,10000,9351
185,10000,4187
185,10000,9134
185,10000,2467
185,10000,6322
185,10000,2067
185,10000,1111
185,10000,10115
185,10000,4973
185,10000,1115
185,10000,1547
185,10000,1257
185,10000,3932
190,10000,23049
190,10000,1440
190,10000,1169
190,10000,3977
190,10000,7111
190,10000,2349
190,10000,27331
190,10000,9351
190,10000,4187
190,10000,9134
190,10000,2467
190,10000,6322
190,10000,2067
190,10000,1111
190,10000,10115
190,10000,4973
190,10000,1115
190,10000,1547
190,10000,1257
190,10000,3932
191,10000,23049
191,10000,1440
191,10000,1169
191,10000,3977
191,10000,7111
191,10000,2349
191,10000,27331
191,10000,9351
191,10000,4187
191,10000,9134
191,10000,2467
191,10000,6322
191,10000,2067
191,10000,1111
191,10000,10115
191,10000,4973
191,10000,1115
191,10000,1547
191,10000,1257
191,10000,3932
193,10000,23049
193,10000,1440
193,10000,1169
193,10000,3977
193,10000,7111
193,10000,2349
193,10000,27331
193,10000,9351
193,10000,4187
193,10000,9134
193,10000,2467
193,10000,6322
193,10000,2067
193,10000,1111
193,10000,10115
193,10000,4973
193,10000,1115
193,10000,1547
193,10000,1257
193,10000,3932
200,10000,23049
200,10000,1440
200,10000,1169
200,10000,3977
200,10000,7111
200,10000,2349
200,10000,27331
200,10000,9351
200,10000,4187
200,10000,9134
200,10000,2467
200,10000,6322
200,10000,2067
200,10000,1111
200,10000,10115
200,10000,4973
200,10000,1115
200,10000,1547
200,10000,1257
200,10000,3932
203,10000,23049
203,10000,1440
203,10000,1169
203,10000,3977
203,10000,7111
203,10000,2349
203,10000,27331
203,10000,9351
203,10000,4187
203,10000,9134
203,10000,2467
203,10000,6322
203,10000,2067
203,10000,1111
203,10000,10115
203,10000,4973
203,10000,1115
203,10000,1547
203,10000,1257
203,10000,3932
208,10000,23049
208,10000,1440
208,10000,1169
208,10000,3977
208,10000,7111
208,10000,2349
208,10000,27331
208,10000,9351
208,10000,4187
208,10000,9134
208,10000,2467
208,10000,6322
208,10000,2067
208,10000,1111
208,10000,10115
208,10000,4973
208,10000,1115
208,10000,1547
208,10000,1257
208,10000,3932
209,10000,23049
209,10000,1440
209,10000,1169
209,10000,3977
209,10000,7111
209,10000,2349
209,10000,27331
209,10000,9351
209,10000,4187
209,10000,9134
209,10000,2467
209,10000,6322
209,10000,2067
209,10000,1111
209,10000,10115
209,10000,4973
209,10000,1115
209,10000,1547
209,10000,1257
209,10000,3932
212,10000,23049
212,10000,1440
212,10000,1169
212,10000,3977
212,10000,7111
212,10000,2349
212,10000,27331
212,10000,9351
212,10000,4187
212,10000,9134
212,10000,2467
212,10000,6322
212,10000,2067
212,10000,1111
212,10000,10115
212,10000,4973
212,10000,1115
212,10000,1547
212,10000,1257
212,10000,3932
241,10000,23049
241,10000,1440
241,10000,1169
241,10000,3977
241,10000,7111
241,10000,2349
241,10000,27331
241,10000,9351
241,10000,4187
241,10000,9134
241,10000,2467
241,10000,6322
241,10000,2067
241,10000,1111
241,10000,10115
241,10000,4973
241,10000,1115
241,10000,1547
241,10000,1257
241,10000,3932
252,10000,23049
252,10000,1440
252,10000,1169
252,10000,3977
252,10000,7111
252,10000,2349
252,10000,27331
252,10000,9351
252,10000,4187
252,10000,9134
252,10000,2467
252,10000,6322
252,10000,2067
252,10000,1111
252,10000,10115
252,10000,4973
252,10000,1115
252,10000,1547
252,10000,1257
252,10000,3932
269,10000,23049
269,10000,1440
269,10000,1169
269,10000,3977
269,10000,7111
269,10000,2349
269,10000,27331
269,10000,9351
269,10000,4187
269,10000,9134
269,10000,2467
269,10000,6322
269,10000,2067
269,10000,1111
269,10000,10115
269,10000,4973
269,10000,1115
269,10000,1547
269,10000,1257
269,10000,3932
273,10000,23049
273,10000,1440
273,10000,1169
273,10000,3977
273,10000,7111
273,10000,2349
273,10000,27331
273,10000,9351
273,10000,4187
273,10000,9134
273,10000,2467
273,10000,6322
273,10000,2067
273,10000,1111
273,10000,10115
273,10000,4973
273,10000,1115
273,10000,1547
273,10000,1257
273,10000,3932
276,10000,23049
276,10000,1440
276,10000,1169
276,10000,3977
276,10000,7111
276,10000,2349
276,10000,27331
276,10000,9351
276,10000,4187
276,10000,9134
276,10000,2467
276,10000,6322
276,10000,2067
276,10000,1111
276,10000,10115
276,10000,4973
276,10000,1115
276,10000,1547
276,10000,1257
276,10000,3932
277,10000,23049
277,10000,1440
277,10000,1169
277,10000,3977
277,10000,7111
277,10000,2349
277,10000,27331
277,10000,9351
277,10000,4187
277,10000,9134
277,10000,2467
277,10000,6322
277,10000,2067
277,10000,1111
277,10000,10115
277,10000,4973
277,10000,1115
277,10000,1547
277,10000,1257
277,10000,3932
281,10000,23049
281,10000,1440
281,10000,1169
281,10000,3977
281,10000,7111
281,10000,2349
281,10000,27331
281,10000,9351
281,10000,4187
281,10000,9134
281,10000,2467
281,10000,6322
281,10000,2067
281,10000,1111
281,10000,10115
281,10000,4973
281,10000,1115
281,10000,1547
281,10000,1257
281,10000,3932
284,10000,23049
284,10000,1440
284,10000,1169
284,10000,3977
284,10000,7111
284,10000,2349
284,10000,27331
284,10000,9351
284,10000,4187
284,10000,9134
284,10000,2467
284,10000,6322
284,10000,2067
284,10000,1111
284,10000,10115
284,10000,4973
284,10000,1115
284,10000,1547
284,10000,1257
284,10000,3932
285,10000,23049
285,10000,1440
285,10000,1169
285,10000,3977
285,10000,7111
285,10000,2349
285,10000,27331
285,10000,9351
285,10000,4187
285,10000,9134
285,10000,2467
285,10000,6322
285,10000,2067
285,10000,1111
285,10000,10115
285,10000,4973
285,10000,1115
285,10000,1547
285,10000,1257
285,10000,3932
287,10000,23049
287,10000,1440
287,10000,1169
287,10000,3977
287,10000,7111
287,10000,2349
287,10000,27331
287,10000,9351
287,10000,4187
287,10000,9134
287,10000,2467
287,10000,6322
287,10000,2067
287,10000,1111
287,10000,10115
287,10000,4973
287,10000,1115
287,10000,1547
287,10000,1257
287,10000,3932
290,10000,23049
290,10000,1440
290,10000,1169
290,10000,3977
290,10000,7111
290,10000,2349
290,10000,27331
290,10000,9351
290,10000,4187
290,10000,9134
290,10000,2467
290,10000,6322
290,10000,2067
290,10000,1111
290,10000,10115
290,10000,4973
290,10000,1115
290,10000,1547
290,10000,1257
290,10000,3932
294,10000,23049
294,10000,1440
294,10000,1169
294,10000,3977
294,10000,7111
294,10000,2349
294,10000,27331
294,10000,9351
294,10000,4187
294,10000,9134
294,10000,2467
294,10000,6322
294,10000,2067
294,10000,1111
294,10000,10115
294,10000,4973
294,10000,1115
294,10000,1547
294,10000,1257
294,10000,3932
295,10000,23049
295,10000,1440
295,10000,1169
295,10000,3977
295,10000,7111
295,10000,2349
295,10000,27331
295,10000,9351
295,10000,4187
295,10000,9134
295,10000,2467
295,10000,6322
295,10000,2067
295,10000,1111
295,10000,10115
295,10000,4973
295,10000,1115
295,10000,1547
295,10000,1257
295,10000,3932
297,10000,23049
297,10000,1440
297,10000,1169
297,10000,3977
297,10000,7111
297,10000,2349
297,10000,27331
297,10000,9351
297,10000,4187
297,10000,9134
297,10000,2467
297,10000,6322
297,10000,2067
297,10000,1111
297,10000,10115
297,10000,4973
297,10000,1115
297,10000,1547
297,10000,1257
297,10000,3932
303,10000,23049
303,10000,1440
303,10000,1169
303,10000,3977
303,10000,7111
303,10000,2349
303,10000,27331
303,10000,9351
303,10000,4187
303,10000,9134
303,10000,2467
303,10000,6322
303,10000,2067
303,10000,1111
303,10000,10115
303,10000,4973
303,10000,1115
303,10000,1547
303,10000,1257
303,10000,3932
304,10000,23049
304,10000,1440
304,10000,1169
304,10000,3977
304,10000,7111
304,10000,2349
304,10000,27331
304,10000,9351
304,10000,4187
304,10000,9134
304,10000,2467
304,10000,6322
304,10000,2067
304,10000,1111
304,10000,10115
304,10000,4973
304,10000,1115
304,10000,1547
304,10000,1257
304,10000,3932
305,10000,23049
305,10000,1440
305,10000,1169
305,10000,3977
305,10000,7111
305,10000,2349
305,10000,27331
305,10000,9351
305,10000,4187
305,10000,9134
305,10000,2467
305,10000,6322
305,10000,2067
305,10000,1111
305,10000,10115
305,10000,4973
305,10000,1115
305,10000,1547
305,10000,1257
305,10000,3932
306,10000,23049
306,10000,1440
306,10000,1169
306,10000,3977
306,10000,7111
306,10000,2349
306,10000,27331
306,10000,9351
306,10000,4187
306,10000,9134
306,10000,2467
306,10000,6322
306,10000,2067
306,10000,1111
306,10000,10115
306,10000,4973
306,10000,1115
306,10000,1547
306,10000,1257
306,10000,3932
307,10000,23049
307,10000,1440
307,10000,1169
307,10000,3977
307,10000,7111
307,10000,2349
307,10000,27331
307,10000,9351
307,10000,4187
307,10000,9134
307,10000,2467
307,10000,6322
307,10000,2067
307,10000,1111
307,10000,10115
307,10000,4973
307,10000,1115
307,10000,1547
307,10000,1257
307,10000,3932
311,10000,23049
311,10000,1440
311,10000,1169
311,10000,3977
311,10000,7111
311,10000,2349
311,10000,27331
311,10000,9351
311,10000,4187
311,10000,9134
311,10000,2467
311,10000,6322
311,10000,2067
311,10000,1111
311,10000,10115
311,10000,4973
311,10000,1115
311,10000,1547
311,10000,1257
311,10000,3932
312,10000,23049
312,10000,1440
312,10000,1169
312,10000,3977
312,10000,7111
312,10000,2349
312,10000,27331
312,10000,9351
312,10000,4187
312,10000,9134
312,10000,2467
312,10000,6322
312,10000,2067
312,10000,1111
312,10000,10115
312,10000,4973
312,10000,1115
312,10000,1547
312,10000,1257
312,10000,3932
319,10000,23049
319,10000,1440
319,10000,1169
319,10000,3977
319,10000,7111
319,10000,2349
319,10000,27331
319,10000,9351
319,10000,4187
319,10000,9134
319,10000,2467
319,10000,6322
319,10000,2067
319,10000,1111
319,10000,10115
319,10000,4973
319,10000,1115
319,10000,1547
319,10000,1257
319,10000,3932
321,10000,23049
321,10000,1440
321,10000,1169
321,10000,3977
321,10000,7111
321,10000,2349
321,10000,27331
321,10000,9351
321,10000,4187
321,10000,9134
321,10000,2467
321,10000,6322
321,10000,2067
321,10000,1111
321,10000,10115
321,10000,4973
321,10000,1115
321,10000,1547
321,10000,1257
321,10000,3932
326,10000,23049
326,10000,1440
326,10000,1169
326,10000,3977
326,10000,7111
326,10000,2349
326,10000,27331
326,10000,9351
326,10000,4187
326,10000,9134
326,10000,2467
326,10000,6322
326,10000,2067
326,10000,1111
326,10000,10115
326,10000,4973
326,10000,1115
326,10000,1547
326,10000,1257
326,10000,3932
327,10000,23049
327,10000,1440
327,10000,1169
327,10000,3977
327,10000,7111
327,10000,2349
327,10000,27331
327,10000,9351
327,10000,4187
327,10000,9134
327,10000,2467
327,10000,6322
327,10000,2067
327,10000,1111
327,10000,10115
327,10000,4973
327,10000,1115
327,10000,1547
327,10000,1257
327,10000,3932
328,10000,23049
328,10000,1440
328,10000,1169
328,10000,3977
328,10000,7111
328,10000,2349
328,10000,27331
328,10000,9351
328,10000,4187
328,10000,9134
328,10000,2467
328,10000,6322
328,10000,2067
328,10000,1111
328,10000,10115
328,10000,4973
328,10000,1115
328,10000,1547
328,10000,1257
328,10000,3932
330,10000,23049
330,10000,1440
330,10000,1169
330,10000,3977
330,10000,7111
330,10000,2349
330,10000,27331
330,10000,9351
330,10000,4187
330,10000,9134
330,10000,2467
330,10000,6322
330,10000,2067
330,10000,1111
330,10000,10115
330,10000,4973
330,10000,1115
330,10000,1547
330,10000,1257
330,10000,3932
331,10000,23049
331,10000,1440
331,10000,1169
331,10000,3977
331,10000,7111
331,10000,2349
331,10000,27331
331,10000,9351
331,10000,4187
331,10000,9134
331,10000,2467
331,10000,6322
331,10000,2067
331,10000,1111
331,10000,10115
331,10000,4973
331,10000,1115
331,10000,1547
331,10000,1257
331,10000,3932
335,10000,23049
335,10000,1440
335,10000,1169
335,10000,3977
335,10000,7111
335,10000,2349
335,10000,27331
335,10000,9351
335,10000,4187
335,10000,9134
335,10000,2467
335,10000,6322
335,10000,2067
335,10000,1111
335,10000,10115
335,10000,4973
335,10000,1115
335,10000,1547
335,10000,1257
335,10000,3932
338,10000,23049
338,10000,1440
338,10000,1169
338,10000,3977
338,10000,7111
338,10000,2349
338,10000,27331
338,10000,9351
338,10000,4187
338,10000,9134
338,10000,2467
338,10000,6322
338,10000,2067
338,10000,1111
338,10000,10115
338,10000,4973
338,10000,1115
338,10000,1547
338,10000,1257
338,10000,3932
345,10000,23049
345,10000,1440
345,10000,1169
345,10000,3977
345,10000,7111
345,10000,2349
345,10000,27331
345,10000,9351
345,10000,4187
345,10000,9134
345,10000,2467
345,10000,6322
345,10000,2067
345,10000,1111
345,10000,10115
345,10000,4973
345,10000,1115
345,10000,1547
345,10000,1257
345,10000,3932
346,10000,23049
346,10000,1440
346,10000,1169
346,10000,3977
346,10000,7111
346,10000,2349
346,10000,27331
346,10000,9351
346,10000,4187
346,10000,9134
346,10000,2467
346,10000,6322
346,10000,2067
346,10000,1111
346,10000,10115
346,10000,4973
346,10000,1115
346,10000,1547
346,10000,1257
346,10000,3932
347,10000,23049
347,10000,1440
347,10000,1169
347,10000,3977
347,10000,7111
347,10000,2349
347,10000,27331
347,10000,9351
347,10000,4187
347,10000,9134
347,10000,2467
347,10000,6322
347,10000,2067
347,10000,1111
347,10000,10115
347,10000,4973
347,10000,1115
347,10000,1547
347,10000,1257
347,10000,3932
352,10000,23049
352,10000,1440
352,10000,1169
352,10000,3977
352,10000,7111
352,10000,2349
352,10000,27331
352,10000,9351
352,10000,4187
352,10000,9134
352,10000,2467
352,10000,6322
352,10000,2067
352,10000,1111
352,10000,10115
352,10000,4973
352,10000,1115
352,10000,1547
352,10000,1257
352,10000,3932
354,10000,23049
354,10000,1440
354,10000,1169
354,10000,3977
354,10000,7111
354,10000,2349
354,10000,27331
354,10000,9351
354,10000,4187
354,10000,9134
354,10000,2467
354,10000,6322
354,10000,2067
354,10000,1111
354,10000,10115
354,10000,4973
354,10000,1115
354,10000,1547
354,10000,1257
354,10000,3932
358,10000,23049
358,10000,1440
358,10000,1169
358,10000,3977
358,10000,7111
358,10000,2349
358,10000,27331
358,10000,9351
358,10000,4187
358,10000,9134
358,10000,2467
358,10000,6322
358,10000,2067
358,10000,1111
358,10000,10115
358,10000,4973
358,10000,1115
358,10000,1547
358,10000,1257
358,10000,3932
359,10000,23049
359,10000,1440
359,10000,1169
359,10000,3977
359,10000,7111
359,10000,2349
359,10000,27331
359,10000,9351
359,10000,4187
359,10000,9134
359,10000,2467
359,10000,6322
359,10000,2067
359,10000,1111
359,10000,10115
359,10000,4973
359,10000,1115
359,10000,1547
359,10000,1257
359,10000,3932
362,10000,23049
362,10000,1440
362,10000,1169
362,10000,3977
362,10000,7111
362,10000,2349
362,10000,27331
362,10000,9351
362,10000,4187
362,10000,9134
362,10000,2467
362,10000,6322
362,10000,2067
362,10000,1111
362,10000,10115
362,10000,4973
362,10000,1115
362,10000,1547
362,10000,1257
362,10000,3932
367,10000,23049
367,10000,1440
367,10000,1169
367,10000,3977
367,10000,7111
367,10000,2349
367,10000,27331
367,10000,9351
367,10000,4187
367,10000,9134
367,10000,2467
367,10000,6322
367,10000,2067
367,10000,1111
367,10000,10115
367,10000,4973
367,10000,1115
367,10000,1547
367,10000,1257
367,10000,3932
369,10000,23049
369,10000,1440
369,10000,1169
369,10000,3977
369,10000,7111
369,10000,2349
369,10000,27331
369,10000,9351
369,10000,4187
369,10000,9134
369,10000,2467
369,10000,6322
369,10000,2067
369,10000,1111
369,10000,10115
369,10000,4973
369,10000,1115
369,10000,1547
369,10000,1257
369,10000,3932
378,10000,23049
378,10000,1440
378,10000,1169
378,10000,3977
378,10000,7111
378,10000,2349
378,10000,27331
378,10000,9351
378,10000,4187
378,10000,9134
378,10000,2467
378,10000,6322
378,10000,2067
378,10000,1111
378,10000,10115
378,10000,4973
378,10000,1115
378,10000,1547
378,10000,1257
378,10000,3932
379,10000,23049
379,10000,1440
379,10000,1169
379,10000,3977
379,10000,7111
379,10000,2349
379,10000,27331
379,10000,9351
379,10000,4187
379,10000,9134
379,10000,2467
379,10000,6322
379,10000,2067
379,10000,1111
379,10000,10115
379,10000,4973
379,10000,1115
379,10000,1547
379,10000,1257
379,10000,3932
384,10000,23049
384,10000,1440
384,10000,1169
384,10000,3977
384,10000,7111
384,10000,2349
384,10000,27331
384,10000,9351
384,10000,4187
384,10000,9134
384,10000,2467
384,10000,6322
384,10000,2067
384,10000,1111
384,10000,10115
384,10000,4973
384,10000,1115
384,10000,1547
384,10000,1257
384,10000,3932
400,10000,23049
400,10000,1440
400,10000,1169
400,10000,3977
400,10000,7111
400,10000,2349
400,10000,27331
400,10000,9351
400,10000,4187
400,10000,9134
400,10000,2467
400,10000,6322
400,10000,2067
400,10000,1111
400,10000,10115
400,10000,4973
400,10000,1115
400,10000,1547
400,10000,1257
400,10000,3932
401,10000,23049
401,10000,1440
401,10000,1169
401,10000,3977
401,10000,7111
401,10000,2349
401,10000,27331
401,10000,9351
401,10000,4187
401,10000,9134
401,10000,2467
401,10000,6322
401,10000,2067
401,10000,1111
401,10000,10115
401,10000,4973
401,10000,1115
401,10000,1547
401,10000,1257
401,10000,3932
404,10000,23049
404,10000,1440
404,10000,1169
404,10000,3977
404,10000,7111
404,10000,2349
404,10000,27331
404,10000,9351
404,10000,4187
404,10000,9134
404,10000,2467
404,10000,6322
404,10000,2067
404,10000,1111
404,10000,10115
404,10000,4973
404,10000,1115
404,10000,1547
404,10000,1257
404,10000,3932
415,10000,23049
415,10000,1440
415,10000,1169
415,10000,3977
415,10000,7111
415,10000,2349
415,10000,27331
415,10000,9351
415,10000,4187
415,10000,9134
415,10000,2467
415,10000,6322
415,10000,2067
415,10000,1111
415,10000,10115
415,10000,4973
415,10000,1115
415,10000,1547
415,10000,1257
415,10000,3932
416,10000,23049
416,10000,1440
416,10000,1169
416,10000,3977
416,10000,7111
416,10000,2349
416,10000,27331
416,10000,9351
416,10000,4187
416,10000,9134
416,10000,2467
416,10000,6322
416,10000,2067
416,10000,1111
416,10000,10115
416,10000,4973
416,10000,1115
416,10000,1547
416,10000,1257
416,10000,3932
425,10000,23049
425,10000,1440
425,10000,1169
425,10000,3977
425,10000,7111
425,10000,2349
425,10000,27331
425,10000,9351
425,10000,4187
425,10000,9134
425,10000,2467
425,10000,6322
425,10000,2067
425,10000,1111
425,10000,10115
425,10000,4973
425,10000,1115
425,10000,1547
425,10000,1257
425,10000,3932
426,10000,23049
426,10000,1440
426,10000,1169
426,10000,3977
426,10000,7111
426,10000,2349
426,10000,27331
426,10000,9351
426,10000,4187
426,10000,9134
426,10000,2467
426,10000,6322
426,10000,2067
426,10000,1111
426,10000,10115
426,10000,4973
426,10000,1115
426,10000,1547
426,10000,1257
426,10000,3932
427,10000,23049
427,10000,1440
427,10000,1169
427,10000,3977
427,10000,7111
427,10000,2349
427,10000,27331
427,10000,9351
427,10000,4187
427,10000,9134
427,10000,2467
427,10000,6322
427,10000,2067
427,10000,1111
427,10000,10115
427,10000,4973
427,10000,1115
427,10000,1547
427,10000,1257
427,10000,3932
428,10000,23049
428,10000,1440
428,10000,1169
428,10000,3977
428,10000,7111
428,10000,2349
428,10000,27331
428,10000,9351
428,10000,4187
428,10000,9134
428,10000,2467
428,10000,6322
428,10000,2067
428,10000,1111
428,10000,10115
428,10000,4973
428,10000,1115
428,10000,1547
428,10000,1257
428,10000,3932
434,10000,23049
434,10000,1440
434,10000,1169
434,10000,3977
434,10000,7111
434,10000,2349
434,10000,27331
434,10000,9351
434,10000,4187
434,10000,9134
434,10000,2467
434,10000,6322
434,10000,2067
434,10000,1111
434,10000,10115
434,10000,4973
434,10000,1115
434,10000,1547
434,10000,1257
434,10000,3932
436,10000,23049
436,10000,1440
436,10000,1169
436,10000,3977
436,10000,7111
436,10000,2349
436,10000,27331
436,10000,9351
436,10000,4187
436,10000,9134
436,10000,2467
436,10000,6322
436,10000,2067
436,10000,1111
436,10000,10115
436,10000,4973
436,10000,1115
436,10000,1547
436,10000,1257
436,10000,3932
444,10000,23049
444,10000,1440
444,10000,1169
444,10000,3977
444,10000,7111
444,10000,2349
444,10000,27331
444,10000,9351
444,10000,4187
444,10000,9134
444,10000,2467
444,10000,6322
444,10000,2067
444,10000,1111
444,10000,10115
444,10000,4973
444,10000,1115
444,10000,1547
444,10000,1257
444,10000,3932
457,10000,23049
457,10000,1440
457,10000,1169
457,10000,3977
457,10000,7111
457,10000,2349
457,10000,27331
457,10000,9351
457,10000,4187
457,10000,9134
457,10000,2467
457,10000,6322
457,10000,2067
457,10000,1111
457,10000,10115
457,10000,4973
457,10000,1115
457,10000,1547
457,10000,1257
457,10000,3932
459,10000,23049
459,10000,1440
459,10000,1169
459,10000,3977
459,10000,7111
459,10000,2349
459,10000,27331
459,10000,9351
459,10000,4187
459,10000,9134
459,10000,2467
459,10000,6322
459,10000,2067
459,10000,1111
459,10000,10115
459,10000,4973
459,10000,1115
459,10000,1547
459,10000,1257
459,10000,3932
470,10000,23049
470,10000,1440
470,10000,1169
470,10000,3977
470,10000,7111
470,10000,2349
470,10000,27331
470,10000,9351
470,10000,4187
470,10000,9134
470,10000,2467
470,10000,6322
470,10000,2067
470,10000,1111
470,10000,10115
470,10000,4973
470,10000,1115
470,10000,1547
470,10000,1257
470,10000,3932
475,10000,23049
475,10000,1440
475,10000,1169
475,10000,3977
475,10000,7111
475,10000,2349
475,10000,27331
475,10000,9351
475,10000,4187
475,10000,9134
475,10000,2467
475,10000,6322
475,10000,2067
475,10000,1111
475,10000,10115
475,10000,4973
475,10000,1115
475,10000,1547
475,10000,1257
475,10000,3932
476,10000,23049
476,10000,1440
476,10000,1169
476,10000,3977
476,10000,7111
476,10000,2349
476,10000,27331
476,10000,9351
476,10000,4187
476,10000,9134
476,10000,2467
476,10000,6322
476,10000,2067
476,10000,1111
476,10000,10115
476,10000,4973
476,10000,1115
476,10000,1547
476,10000,1257
476,10000,3932
494,10000,23049
494,10000,1440
494,10000,1169
494,10000,3977
494,10000,7111
494,10000,2349
494,10000,27331
494,10000,9351
494,10000,4187
494,10000,9134
494,10000,2467
494,10000,6322
494,10000,2067
494,10000,1111
494,10000,10115
494,10000,4973
494,10000,1115
494,10000,1547
494,10000,1257
494,10000,3932
502,10000,23049
502,10000,1440
502,10000,1169
502,10000,3977
502,10000,7111
502,10000,2349
502,10000,27331
502,10000,9351
502,10000,4187
502,10000,9134
502,10000,2467
502,10000,6322
502,10000,2067
502,10000,1111
502,10000,10115
502,10000,4973
502,10000,1115
502,10000,1547
502,10000,1257
502,10000,3932
521,10000,23049
521,10000,1440
521,10000,1169
521,10000,3977
521,10000,7111
521,10000,2349
521,10000,27331
521,10000,9351
521,10000,4187
521,10000,9134
521,10000,2467
521,10000,6322
521,10000,2067
521,10000,1111
521,10000,10115
521,10000,4973
521,10000,1115
521,10000,1547
521,10000,1257
521,10000,3932
522,10000,23049
522,10000,1440
522,10000,1169
522,10000,3977
522,10000,7111
522,10000,2349
522,10000,27331
522,10000,9351
522,10000,4187
522,10000,9134
522,10000,2467
522,10000,6322
522,10000,2067
522,10000,1111
522,10000,10115
522,10000,4973
522,10000,1115
522,10000,1547
522,10000,1257
522,10000,3932
532,10000,23049
532,10000,1440
532,10000,1169
532,10000,3977
532,10000,7111
532,10000,2349
532,10000,27331
532,10000,9351
532,10000,4187
532,10000,9134
532,10000,2467
532,10000,6322
532,10000,2067
532,10000,1111
532,10000,10115
532,10000,4973
532,10000,1115
532,10000,1547
532,10000,1257
532,10000,3932
538,10000,23049
538,10000,1440
538,10000,1169
538,10000,3977
538,10000,7111
538,10000,2349
538,10000,27331
538,10000,9351
538,10000,4187
538,10000,9134
538,10000,2467
538,10000,6322
538,10000,2067
538,10000,1111
538,10000,10115
538,10000,4973
538,10000,1115
538,10000,1547
538,10000,1257
538,10000,3932
552,10000,23049
552,10000,1440
552,10000,1169
552,10000,3977
552,10000,7111
552,10000,2349
552,10000,27331
552,10000,9351
552,10000,4187
552,10000,9134
552,10000,2467
552,10000,6322
552,10000,2067
552,10000,1111
552,10000,10115
552,10000,4973
552,10000,1115
552,10000,1547
552,10000,1257
552,10000,3932
565,10000,23049
565,10000,1440
565,10000,1169
565,10000,3977
565,10000,7111
565,10000,2349
565,10000,27331
565,10000,9351
565,10000,4187
565,10000,9134
565,10000,2467
565,10000,6322
565,10000,2067
565,10000,1111
565,10000,10115
565,10000,4973
565,10000,1115
565,10000,1547
565,10000,1257
565,10000,3932
601,10000,23049
601,10000,1440
601,10000,1169
601,10000,3977
601,10000,7111
601,10000,2349
601,10000,27331
601,10000,9351
601,10000,4187
601,10000,9134
601,10000,2467
601,10000,6322
601,10000,2067
601,10000,1111
601,10000,10115
601,10000,4973
601,10000,1115
601,10000,1547
601,10000,1257
601,10000,3932
610,10000,23049
610,10000,1440
610,10000,1169
610,10000,3977
610,10000,7111
610,10000,2349
610,10000,27331
610,10000,9351
610,10000,4187
610,10000,9134
610,10000,2467
610,10000,6322
610,10000,2067
610,10000,1111
610,10000,10115
610,10000,4973
610,10000,1115
610,10000,1547
610,10000,1257
610,10000,3932
611,10000,23049
611,10000,1440
611,10000,1169
611,10000,3977
611,10000,7111
611,10000,2349
611,10000,27331
611,10000,9351
611,10000,4187
611,10000,9134
611,10000,2467
611,10000,6322
611,10000,2067
611,10000,1111
611,10000,10115
611,10000,4973
611,10000,1115
611,10000,1547
611,10000,1257
611,10000,3932
613,10000,23049
613,10000,1440
613,10000,1169
613,10000,3977
613,10000,7111
613,10000,2349
613,10000,27331
613,10000,9351
613,10000,4187
613,10000,9134
613,10000,2467
613,10000,6322
613,10000,2067
613,10000,1111
613,10000,10115
613,10000,4973
613,10000,1115
613,10000,1547
613,10000,1257
613,10000,3932
617,10000,23049
617,10000,1440
617,10000,1169
617,10000,3977
617,10000,7111
617,10000,2349
617,10000,27331
617,10000,9351
617,10000,4187
617,10000,9134
617,10000,2467
617,10000,6322
617,10000,2067
617,10000,1111
617,10000,10115
617,10000,4973
617,10000,1115
617,10000,1547
617,10000,1257
617,10000,3932
639,10000,23049
639,10000,1440
639,10000,1169
639,10000,3977
639,10000,7111
639,10000,2349
639,10000,27331
639,10000,9351
639,10000,4187
639,10000,9134
639,10000,2467
639,10000,6322
639,10000,2067
639,10000,1111
639,10000,10115
639,10000,4973
639,10000,1115
639,10000,1547
639,10000,1257
639,10000,3932
640,10000,23049
640,10000,1440
640,10000,1169
640,10000,3977
640,10000,7111
640,10000,2349
640,10000,27331
640,10000,9351
640,10000,4187
640,10000,9134
640,10000,2467
640,10000,6322
640,10000,2067
640,10000,1111
640,10000,10115
640,10000,4973
640,10000,1115
640,10000,1547
640,10000,1257
640,10000,3932
644,10000,23049
644,10000,1440
644,10000,1169
644,10000,3977
644,10000,7111
644,10000,2349
644,10000,27331
644,10000,9351
644,10000,4187
644,10000,9134
644,10000,2467
644,10000,6322
644,10000,2067
644,10000,1111
644,10000,10115
644,10000,4973
644,10000,1115
644,10000,1547
644,10000,1257
644,10000,3932
662,10000,23049
662,10000,1440
662,10000,1169
662,10000,3977
662,10000,7111
662,10000,2349
662,10000,27331
662,10000,9351
662,10000,4187
662,10000,9134
662,10000,2467
662,10000,6322
662,10000,2067
662,10000,1111
662,10000,10115
662,10000,4973
662,10000,1115
662,10000,1547
662,10000,1257
662,10000,3932
664,10000,23049
664,10000,1440
664,10000,1169
664,10000,3977
664,10000,7111
664,10000,2349
664,10000,27331
664,10000,9351
664,10000,4187
664,10000,9134
664,10000,2467
664,10000,6322
664,10000,2067
664,10000,1111
664,10000,10115
664,10000,4973
664,10000,1115
664,10000,1547
664,10000,1257
664,10000,3932
665,10000,23049
665,10000,1440
665,10000,1169
665,10000,3977
665,10000,7111
665,10000,2349
665,10000,27331
665,10000,9351
665,10000,4187
665,10000,9134
665,10000,2467
665,10000,6322
665,10000,2067
665,10000,1111
665,10000,10115
665,10000,4973
665,10000,1115
665,10000,1547
665,10000,1257
665,10000,3932
667,10000,23049
667,10000,1440
667,10000,1169
667,10000,3977
667,10000,7111
667,10000,2349
667,10000,27331
667,10000,9351
667,10000,4187
667,10000,9134
667,10000,2467
667,10000,6322
667,10000,2067
667,10000,1111
667,10000,10115
667,10000,4973
667,10000,1115
667,10000,1547
667,10000,1257
667,10000,3932
668,10000,23049
668,10000,1440
668,10000,1169
668,10000,3977
668,10000,7111
668,10000,2349
668,10000,27331
668,10000,9351
668,10000,4187
668,10000,9134
668,10000,2467
668,10000,6322
668,10000,2067
668,10000,1111
668,10000,10115
668,10000,4973
668,10000,1115
668,10000,1547
668,10000,1257
668,10000,3932
670,10000,23049
670,10000,1440
670,10000,1169
670,10000,3977
670,10000,7111
670,10000,2349
670,10000,27331
670,10000,9351
670,10000,4187
670,10000,9134
670,10000,2467
670,10000,6322
670,10000,2067
670,10000,1111
670,10000,10115
670,10000,4973
670,10000,1115
670,10000,1547
670,10000,1257
670,10000,3932
672,10000,23049
672,10000,1440
672,10000,1169
672,10000,3977
672,10000,7111
672,10000,2349
672,10000,27331
672,10000,9351
672,10000,4187
672,10000,9134
672,10000,2467
672,10000,6322
672,10000,2067
672,10000,1111
672,10000,10115
672,10000,4973
672,10000,1115
672,10000,1547
672,10000,1257
672,10000,3932
674,10000,23049
674,10000,1440
674,10000,1169
674,10000,3977
674,10000,7111
674,10000,2349
674,10000,27331
674,10000,9351
674,10000,4187
674,10000,9134
674,10000,2467
674,10000,6322
674,10000,2067
674,10000,1111
674,10000,10115
674,10000,4973
674,10000,1115
674,10000,1547
674,10000,1257
674,10000,3932
681,10000,23049
681,10000,1440
681,10000,1169
681,10000,3977
681,10000,7111
681,10000,2349
681,10000,27331
681,10000,9351
681,10000,4187
681,10000,9134
681,10000,2467
681,10000,6322
681,10000,2067
681,10000,1111
681,10000,10115
681,10000,4973
681,10000,1115
681,10000,1547
681,10000,1257
681,10000,3932
682,10000,23049
682,10000,1440
682,10000,1169
682,10000,3977
682,10000,7111
682,10000,2349
682,10000,27331
682,10000,9351
682,10000,4187
682,10000,9134
682,10000,2467
682,10000,6322
682,10000,2067
682,10000,1111
682,10000,10115
682,10000,4973
682,10000,1115
682,10000,1547
682,10000,1257
682,10000,3932
684,10000,23049
684,10000,1440
684,10000,1169
684,10000,3977
684,10000,7111
684,10000,2349
684,10000,27331
684,10000,9351
684,10000,4187
684,10000,9134
684,10000,2467
684,10000,6322
684,10000,2067
684,10000,1111
684,10000,10115
684,10000,4973
684,10000,1115
684,10000,1547
684,10000,1257
684,10000,3932
693,10000,23049
693,10000,1440
693,10000,1169
693,10000,3977
693,10000,7111
693,10000,2349
693,10000,27331
693,10000,9351
693,10000,4187
693,10000,9134
693,10000,2467
693,10000,6322
693,10000,2067
693,10000,1111
693,10000,10115
693,10000,4973
693,10000,1115
693,10000,1547
693,10000,1257
693,10000,3932
697,10000,23049
697,10000,1440
697,10000,1169
697,10000,3977
697,10000,7111
697,10000,2349
697,10000,27331
697,10000,9351
697,10000,4187
697,10000,9134
697,10000,2467
697,10000,6322
697,10000,2067
697,10000,1111
697,10000,10115
697,10000,4973
697,10000,1115
697,10000,1547
697,10000,1257
697,10000,3932
704,10000,23049
704,10000,1440
704,10000,1169
704,10000,3977
704,10000,7111
704,10000,2349
704,10000,27331
704,10000,9351
704,10000,4187
704,10000,9134
704,10000,2467
704,10000,6322
704,10000,2067
704,10000,1111
704,10000,10115
704,10000,4973
704,10000,1115
704,10000,1547
704,10000,1257
704,10000,3932
706,10000,23049
706,10000,1440
706,10000,1169
706,10000,3977
706,10000,7111
706,10000,2349
706,10000,27331
706,10000,9351
706,10000,4187
706,10000,9134
706,10000,2467
706,10000,6322
706,10000,2067
706,10000,1111
706,10000,10115
706,10000,4973
706,10000,1115
706,10000,1547
706,10000,1257
706,10000,3932
732,10000,23049
732,10000,1440
732,10000,1169
732,10000,3977
732,10000,7111
732,10000,2349
732,10000,27331
732,10000,9351
732,10000,4187
732,10000,9134
732,10000,2467
732,10000,6322
732,10000,2067
732,10000,1111
732,10000,10115
732,10000,4973
732,10000,1115
732,10000,1547
732,10000,1257
732,10000,3932
754,10000,23049
754,10000,1440
754,10000,1169
754,10000,3977
754,10000,7111
754,10000,2349
754,10000,27331
754,10000,9351
754,10000,4187
754,10000,9134
754,10000,2467
754,10000,6322
754,10000,2067
754,10000,1111
754,10000,10115
754,10000,4973
754,10000,1115
754,10000,1547
754,10000,1257
754,10000,3932
755,10000,23049
755,10000,1440
755,10000,1169
755,10000,3977
755,10000,7111
755,10000,2349
755,10000,27331
755,10000,9351
755,10000,4187
755,10000,9134
755,10000,2467
755,10000,6322
755,10000,2067
755,10000,1111
755,10000,10115
755,10000,4973
755,10000,1115
755,10000,1547
755,10000,1257
755,10000,3932
759,10000,23049
759,10000,1440
759,10000,1169
759,10000,3977
759,10000,7111
759,10000,2349
759,10000,27331
759,10000,9351
759,10000,4187
759,10000,9134
759,10000,2467
759,10000,6322
759,10000,2067
759,10000,1111
759,10000,10115
759,10000,4973
759,10000,1115
759,10000,1547
759,10000,1257
759,10000,3932
763,10000,23049
763,10000,1440
763,10000,1169
763,10000,3977
763,10000,7111
763,10000,2349
763,10000,27331
763,10000,9351
763,10000,4187
763,10000,9134
763,10000,2467
763,10000,6322
763,10000,2067
763,10000,1111
763,10000,10115
763,10000,4973
763,10000,1115
763,10000,1547
763,10000,1257
763,10000,3932
770,10000,23049
770,10000,1440
770,10000,1169
770,10000,3977
770,10000,7111
770,10000,2349
770,10000,27331
770,10000,9351
770,10000,4187
770,10000,9134
770,10000,2467
770,10000,6322
770,10000,2067
770,10000,1111
770,10000,10115
770,10000,4973
770,10000,1115
770,10000,1547
770,10000,1257
770,10000,3932
772,10000,23049
772,10000,1440
772,10000,1169
772,10000,3977
772,10000,7111
772,10000,2349
772,10000,27331
772,10000,9351
772,10000,4187
772,10000,9134
772,10000,2467
772,10000,6322
772,10000,2067
772,10000,1111
772,10000,10115
772,10000,4973
772,10000,1115
772,10000,1547
772,10000,1257
772,10000,3932
774,10000,23049
774,10000,1440
774,10000,1169
774,10000,3977
774,10000,7111
774,10000,2349
774,10000,27331
774,10000,9351
774,10000,4187
774,10000,9134
774,10000,2467
774,10000,6322
774,10000,2067
774,10000,1111
774,10000,10115
774,10000,4973
774,10000,1115
774,10000,1547
774,10000,1257
774,10000,3932
776,10000,23049
776,10000,1440
776,10000,1169
776,10000,3977
776,10000,7111
776,10000,2349
776,10000,27331
776,10000,9351
776,10000,4187
776,10000,9134
776,10000,2467
776,10000,6322
776,10000,2067
776,10000,1111
776,10000,10115
776,10000,4973
776,10000,1115
776,10000,1547
776,10000,1257
776,10000,3932
786,10000,23049
786,10000,1440
786,10000,1169
786,10000,3977
786,10000,7111
786,10000,2349
786,10000,27331
786,10000,9351
786,10000,4187
786,10000,9134
786,10000,2467
786,10000,6322
786,10000,2067
786,10000,1111
786,10000,10115
786,10000,4973
786,10000,1115
786,10000,1547
786,10000,1257
786,10000,3932
787,10000,23049
787,10000,1440
787,10000,1169
787,10000,3977
787,10000,7111
787,10000,2349
787,10000,27331
787,10000,9351
787,10000,4187
787,10000,9134
787,10000,2467
787,10000,6322
787,10000,2067
787,10000,1111
787,10000,10115
787,10000,4973
787,10000,1115
787,10000,1547
787,10000,1257
787,10000,3932
788,10000,23049
788,10000,1440
788,10000,1169
788,10000,3977
788,10000,7111
788,10000,2349
788,10000,27331
788,10000,9351
788,10000,4187
788,10000,9134
788,10000,2467
788,10000,6322
788,10000,2067
788,10000,1111
788,10000,10115
788,10000,4973
788,10000,1115
788,10000,1547
788,10000,1257
788,10000,3932
798,10000,23049
798,10000,1440
798,10000,1169
798,10000,3977
798,10000,7111
798,10000,2349
798,10000,27331
798,10000,9351
798,10000,4187
798,10000,9134
798,10000,2467
798,10000,6322
798,10000,2067
798,10000,1111
798,10000,10115
798,10000,4973
798,10000,1115
798,10000,1547
798,10000,1257
798,10000,3932
805,10000,23049
805,10000,1440
805,10000,1169
805,10000,3977
805,10000,7111
805,10000,2349
805,10000,27331
805,10000,9351
805,10000,4187
805,10000,9134
805,10000,2467
805,10000,6322
805,10000,2067
805,10000,1111
805,10000,10115
805,10000,4973
805,10000,1115
805,10000,1547
805,10000,1257
805,10000,3932
823,10000,23049
823,10000,1440
823,10000,1169
823,10000,3977
823,10000,7111
823,10000,2349
823,10000,27331
823,10000,9351
823,10000,4187
823,10000,9134
823,10000,2467
823,10000,6322
823,10000,2067
823,10000,1111
823,10000,10115
823,10000,4973
823,10000,1115
823,10000,1547
823,10000,1257
823,10000,3932
824,10000,23049
824,10000,1440
824,10000,1169
824,10000,3977
824,10000,7111
824,10000,2349
824,10000,27331
824,10000,9351
824,10000,4187
824,10000,9134
824,10000,2467
824,10000,6322
824,10000,2067
824,10000,1111
824,10000,10115
824,10000,4973
824,10000,1115
824,10000,1547
824,10000,1257
824,10000,3932
825,10000,23049
825,10000,1440
825,10000,1169
825,10000,3977
825,10000,7111
825,10000,2349
825,10000,27331
825,10000,9351
825,10000,4187
825,10000,9134
825,10000,2467
825,10000,6322
825,10000,2067
825,10000,1111
825,10000,10115
825,10000,4973
825,10000,1115
825,10000,1547
825,10000,1257
825,10000,3932
829,10000,23049
829,10000,1440
829,10000,1169
829,10000,3977
829,10000,7111
829,10000,2349
829,10000,27331
829,10000,9351
829,10000,4187
829,10000,9134
829,10000,2467
829,10000,6322
829,10000,2067
829,10000,1111
829,10000,10115
829,10000,4973
829,10000,1115
829,10000,1547
829,10000,1257
829,10000,3932
834,10000,23049
834,10000,1440
834,10000,1169
834,10000,3977
834,10000,7111
834,10000,2349
834,10000,27331
834,10000,9351
834,10000,4187
834,10000,9134
834,10000,2467
834,10000,6322
834,10000,2067
834,10000,1111
834,10000,10115
834,10000,4973
834,10000,1115
834,10000,1547
834,10000,1257
834,10000,3932
835,10000,23049
835,10000,1440
835,10000,1169
835,10000,3977
835,10000,7111
835,10000,2349
835,10000,27331
835,10000,9351
835,10000,4187
835,10000,9134
835,10000,2467
835,10000,6322
835,10000,2067
835,10000,1111
835,10000,10115
835,10000,4973
835,10000,1115
835,10000,1547
835,10000,1257
835,10000,3932
843,10000,23049
843,10000,1440
843,10000,1169
843,10000,3977
843,10000,7111
843,10000,2349
843,10000,27331
843,10000,9351
843,10000,4187
843,10000,9134
843,10000,2467
843,10000,6322
843,10000,2067
843,10000,1111
843,10000,10115
843,10000,4973
843,10000,1115
843,10000,1547
843,10000,1257
843,10000,3932
862,10000,23049
862,10000,1440
862,10000,1169
862,10000,3977
862,10000,7111
862,10000,2349
862,10000,27331
862,10000,9351
862,10000,4187
862,10000,9134
862,10000,2467
862,10000,6322
862,10000,2067
862,10000,1111
862,10000,10115
862,10000,4973
862,10000,1115
862,10000,1547
862,10000,1257
862,10000,3932
863,10000,23049
863,10000,1440
863,10000,1169
863,10000,3977
863,10000,7111
863,10000,2349
863,10000,27331
863,10000,9351
863,10000,4187
863,10000,9134
863,10000,2467
863,10000,6322
863,10000,2067
863,10000,1111
863,10000,10115
863,10000,4973
863,10000,1115
863,10000,1547
863,10000,1257
863,10000,3932
908,10000,23049
908,10000,1440
908,10000,1169
908,10000,3977
908,10000,7111
908,10000,2349
908,10000,27331
908,10000,9351
908,10000,4187
908,10000,9134
908,10000,2467
908,10000,6322
908,10000,2067
908,10000,1111
908,10000,10115
908,10000,4973
908,10000,1115
908,10000,1547
908,10000,1257
908,10000,3932
909,10000,23049
909,10000,1440
909,10000,1169
909,10000,3977
909,10000,7111
909,10000,2349
909,10000,27331
909,10000,9351
909,10000,4187
909,10000,9134
909,10000,2467
909,10000,6322
909,10000,2067
909,10000,1111
909,10000,10115
909,10000,4973
909,10000,1115
909,10000,1547
909,10000,1257
909,10000,3932
913,10000,23049
913,10000,1440
913,10000,1169
913,10000,3977
913,10000,7111
913,10000,2349
913,10000,27331
913,10000,9351
913,10000,4187
913,10000,9134
913,10000,2467
913,10000,6322
913,10000,2067
913,10000,1111
913,10000,10115
913,10000,4973
913,10000,1115
913,10000,1547
913,10000,1257
913,10000,3932
915,10000,23049
915,10000,1440
915,10000,1169
915,10000,3977
915,10000,7111
915,10000,2349
915,10000,27331
915,10000,9351
915,10000,4187
915,10000,9134
915,10000,2467
915,10000,6322
915,10000,2067
915,10000,1111
915,10000,10115
915,10000,4973
915,10000,1115
915,10000,1547
915,10000,1257
915,10000,3932
916,10000,23049
916,10000,1440
916,10000,1169
916,10000,3977
916,10000,7111
916,10000,2349
916,10000,27331
916,10000,9351
916,10000,4187
916,10000,9134
916,10000,2467
916,10000,6322
916,10000,2067
916,10000,1111
916,10000,10115
916,10000,4973
916,10000,1115
916,10000,1547
916,10000,1257
916,10000,3932
918,10000,23049
918,10000,1440
918,10000,1169
918,10000,3977
918,10000,7111
918,10000,2349
918,10000,27331
918,10000,9351
918,10000,4187
918,10000,9134
918,10000,2467
918,10000,6322
918,10000,2067
918,10000,1111
918,10000,10115
918,10000,4973
918,10000,1115
918,10000,1547
918,10000,1257
918,10000,3932
922,10000,23049
922,10000,1440
922,10000,1169
922,10000,3977
922,10000,7111
922,10000,2349
922,10000,27331
922,10000,9351
922,10000,4187
922,10000,9134
922,10000,2467
922,10000,6322
922,10000,2067
922,10000,1111
922,10000,10115
922,10000,4973
922,10000,1115
922,10000,1547
922,10000,1257
922,10000,3932
924,10000,23049
924,10000,1440
924,10000,1169
924,10000,3977
924,10000,7111
924,10000,2349
924,10000,27331
924,10000,9351
924,10000,4187
924,10000,9134
924,10000,2467
924,10000,6322
924,10000,2067
924,10000,1111
924,10000,10115
924,10000,4973
924,10000,1115
924,10000,1547
924,10000,1257
924,10000,3932
943,10000,23049
943,10000,1440
943,10000,1169
943,10000,3977
943,10000,7111
943,10000,2349
943,10000,27331
943,10000,9351
943,10000,4187
943,10000,9134
943,10000,2467
943,10000,6322
943,10000,2067
943,10000,1111
943,10000,10115
943,10000,4973
943,10000,1115
943,10000,1547
943,10000,1257
943,10000,3932
1021,10000,23049
1021,10000,1440
1021,10000,1169
1021,10000,3977
1021,10000,7111
1021,10000,2349
1021,10000,27331
1021,10000,9351
1021,10000,4187
1021,10000,9134
1021,10000,2467
1021,10000,6322
1021,10000,2067
1021,10000,1111
1021,10000,10115
1021,10000,4973
1021,10000,1115
1021,10000,1547
1021,10000,1257
1021,10000,3932
1188,10000,23049
1188,10000,1440
1188,10000,1169
1188,10000,3977
1188,10000,7111
1188,10000,2349
1188,10000,27331
1188,10000,9351
1188,10000,4187
1188,10000,9134
1188,10000,2467
1188,10000,6322
1188,10000,2067
1188,10000,1111
1188,10000,10115
1188,10000,4973
1188,10000,1115
1188,10000,1547
1188,10000,1257
1188,10000,3932
1236,10000,23049
1236,10000,1440
1236,10000,1169
1236,10000,3977
1236,10000,7111
1236,10000,2349
1236,10000,27331
1236,10000,9351
1236,10000,4187
1236,10000,9134
1236,10000,2467
1236,10000,6322
1236,10000,2067
1236,10000,1111
1236,10000,10115
1236,10000,4973
1236,10000,1115
1236,10000,1547
1236,10000,1257
1236,10000,3932
1321,10000,23049
1321,10000,1440
1321,10000,1169
1321,10000,3977
1321,10000,7111
1321,10000,2349
1321,10000,27331
1321,10000,9351
1321,10000,4187
1321,10000,9134
1321,10000,2467
1321,10000,6322
1321,10000,2067
1321,10000,1111
1321,10000,10115
1321,10000,4973
1321,10000,1115
1321,10000,1547
1321,10000,1257
1321,10000,3932
1333,10000,23049
1333,10000,1440
1333,10000,1169
1333,10000,3977
1333,10000,7111
1333,10000,2349
1333,10000,27331
1333,10000,9351
1333,10000,4187
1333,10000,9134
1333,10000,2467
1333,10000,6322
1333,10000,2067
1333,10000,1111
1333,10000,10115
1333,10000,4973
1333,10000,1115
1333,10000,1547
1333,10000,1257
1333,10000,3932
1336,10000,23049
1336,10000,1440
1336,10000,1169
1336,10000,3977
1336,10000,7111
1336,10000,2349
1336,10000,27331
1336,10000,9351
1336,10000,4187
1336,10000,9134
1336,10000,2467
1336,10000,6322
1336,10000,2067
1336,10000,1111
1336,10000,10115
1336,10000,4973
1336,10000,1115
1336,10000,1547
1336,10000,1257
1336,10000,3932
